url,price
https://www.futbin.com/26/player/18690/maradona,3890000
https://www.futbin.com/26/player/18691/arantes-nascimento,4795000
https://www.futbin.com/26/player/18692/nazario-de-lima,9390000
https://www.futbin.com/26/player/18693/zidane,2975000
https://www.futbin.com/26/player/18694/de-assis-moreira,4649000
https://www.futbin.com/26/player/18695/cruyff,3928000
https://www.futbin.com/26/player/18696/hamm,5700000
https://www.futbin.com/26/player/18697/maldini,2450000
https://www.futbin.com/26/player/18698/puskas,1285000
https://www.futbin.com/26/player/18699/franc-dos-santos,801000
https://www.futbin.com/26/player/18700/prinz,125000
https://www.futbin.com/26/player/18701/iniesta-lujan,958000
https://www.futbin.com/26/player/18702/charlton,1040000
https://www.futbin.com/26/player/18703/franz-beckenbauer,1080000
https://www.futbin.com/26/player/18706/muller,341000
https://www.futbin.com/26/player/20061/mohamed-salah,595000
https://www.futbin.com/26/player/20288/alexia-putellas-segura,360000
https://www.futbin.com/26/player/20411/erling-haaland,890000
https://www.futbin.com/26/player/20515/kylian-mbappe,5970000
https://www.futbin.com/26/player/31/mohamed-salah,124000
https://www.futbin.com/26/player/40/kylian-mbappe,1650000
https://www.futbin.com/26/player/105/alexia-putellas-segura,151000
https://www.futbin.com/26/player/111/aitana-bonmati-conca,230000
https://www.futbin.com/26/player/18707/antunes-coimbra,3389000
https://www.futbin.com/26/player/18708/hernandez-creus,400000
https://www.futbin.com/26/player/18709/baggio,238000
https://www.futbin.com/26/player/18710/henry,2075000
https://www.futbin.com/26/player/18711/da-silva-ferreira,2670000
https://www.futbin.com/26/player/18712/carlos-alberto-torres,833000
https://www.futbin.com/26/player/18713/baresi,185000
https://www.futbin.com/26/player/18714/cafu,799000
https://www.futbin.com/26/player/18715/morgan,1790000
https://www.futbin.com/26/player/18717/van-basten,191000
https://www.futbin.com/26/player/18718/sawa,680000
https://www.futbin.com/26/player/18720/ibrahimovic,2770000
https://www.futbin.com/26/player/18918/erling-haaland,370000
https://www.futbin.com/26/player/20289/jude-bellingham,236000
https://www.futbin.com/26/player/20516/harry-kane,505000
https://www.futbin.com/26/player/51/ousmane-dembele,539000
https://www.futbin.com/26/player/61/rodrigo-hernandez-cascante,32750
https://www.futbin.com/26/player/62/virgil-van-dijk,55000
https://www.futbin.com/26/player/67/erling-haaland,35500
https://www.futbin.com/26/player/73/jude-bellingham,36000
https://www.futbin.com/26/player/117/caroline-graham-hansen,163000
https://www.futbin.com/26/player/18721/da-silva-rocha,1174000
https://www.futbin.com/26/player/18722/bergkamp,170000
https://www.futbin.com/26/player/18723/borba-ferreira,420000
https://www.futbin.com/26/player/18724/best,660000
https://www.futbin.com/26/player/18725/gullit,3465000
https://www.futbin.com/26/player/18726/gonzalez-blanco,428000
https://www.futbin.com/26/player/18727/abily,400000
https://www.futbin.com/26/player/18728/seger,158000
https://www.futbin.com/26/player/18729/pirlo,225000
https://www.futbin.com/26/player/18731/miyama,171000
https://www.futbin.com/26/player/18732/matthaus,1400000
https://www.futbin.com/26/player/18733/moore,140000
https://www.futbin.com/26/player/18734/foudy,135000
https://www.futbin.com/26/player/18735/kroos,350000
https://www.futbin.com/26/player/18736/schelin,360000
https://www.futbin.com/26/player/18737/del-piero,470000
https://www.futbin.com/26/player/18919/harry-kane,102000
https://www.futbin.com/26/player/20004/vinicius-jose-de-oliveira-junior,820000
https://www.futbin.com/26/player/20086/khadija-shaw,73500
https://www.futbin.com/26/player/20220/vinicius-jose-de-oliveira-junior,1990000
https://www.futbin.com/26/player/20336/ousmane-dembele,3100000
https://www.futbin.com/26/player/20412/caroline-graham-hansen,2190000
https://www.futbin.com/26/player/20491/vitor-machado-ferreira,100000
https://www.futbin.com/26/player/20520/virgil-van-dijk,1810000
https://www.futbin.com/26/player/20576/maria-pilar-leon-cebrian,35500
https://www.futbin.com/26/player/20578/khadija-shaw,33250
https://www.futbin.com/26/player/41/florian-wirtz,30250
https://www.futbin.com/26/player/47/vinicius-jose-de-oliveira-junior,315000
https://www.futbin.com/26/player/56/federico-valverde,142000
https://www.futbin.com/26/player/68/vitor-machado-ferreira,24000
https://www.futbin.com/26/player/69/harry-kane,24000
https://www.futbin.com/26/player/83/raphael-dias-belloli,99500
https://www.futbin.com/26/player/85/lamine-yamal-nasraoui-ebana,60500
https://www.futbin.com/26/player/86/joshua-kimmich,24000
https://www.futbin.com/26/player/91/achraf-hakimi,64000
https://www.futbin.com/26/player/94/pedro-gonzalez-lopez,24000
https://www.futbin.com/26/player/122/alessia-russo,24000
https://www.futbin.com/26/player/128/maria-francesca-caldentey-oliver,24000
https://www.futbin.com/26/player/133/patricia-guijarro-gutierrez,23750
https://www.futbin.com/26/player/138/khadija-shaw,26000
https://www.futbin.com/26/player/142/maria-pilar-leon-cebrian,25750
https://www.futbin.com/26/player/18738/lahm,230000
https://www.futbin.com/26/player/18739/madeira-caeiro-figo,235000
https://www.futbin.com/26/player/18740/zanetti,206000
https://www.futbin.com/26/player/18741/dalglish,890000
https://www.futbin.com/26/player/18742/nesta,195000
https://www.futbin.com/26/player/18743/sanchez,259000
https://www.futbin.com/26/player/18744/stoichkov,601000
https://www.futbin.com/26/player/18745/ventura-filho,1460000
https://www.futbin.com/26/player/18746/shearer,85000
https://www.futbin.com/26/player/18747/vieira-da-silva,900000
https://www.futbin.com/26/player/18748/smith,239000
https://www.futbin.com/26/player/18750/lineker,82000
https://www.futbin.com/26/player/18751/butragueno-santos,668000
https://www.futbin.com/26/player/18752/totti,979000
https://www.futbin.com/26/player/18753/etoo,1385000
https://www.futbin.com/26/player/18754/cannavaro,419000
https://www.futbin.com/26/player/18755/vieira-de-oliveira,293000
https://www.futbin.com/26/player/18756/puyol-saforcada,183000
https://www.futbin.com/26/player/18757/drogba,416000
https://www.futbin.com/26/player/18758/dos-santos-leite,718000
https://www.futbin.com/26/player/18759/van-nistelrooy,90000
https://www.futbin.com/26/player/18760/cantona,499000
https://www.futbin.com/26/player/18761/jones,142000
https://www.futbin.com/26/player/18814/papin,52500
https://www.futbin.com/26/player/18815/da-silva-ferreira,690000
https://www.futbin.com/26/player/18816/voller,192000
https://www.futbin.com/26/player/18817/kohler,58000
https://www.futbin.com/26/player/18818/morientes-sanchez,60000
https://www.futbin.com/26/player/18819/sasic,25000
https://www.futbin.com/26/player/18820/ayew,200000
https://www.futbin.com/26/player/18821/vialli,40000
https://www.futbin.com/26/player/18822/ginola,1100000
https://www.futbin.com/26/player/19895/debora-c-de-oliveira,136000
https://www.futbin.com/26/player/19918/federico-valverde,1497000
https://www.futbin.com/26/player/19974/florian-wirtz,407000
https://www.futbin.com/26/player/20202/mascherano,147000
https://www.futbin.com/26/player/20203/di-natale,919000
https://www.futbin.com/26/player/20221/debora-c-de-oliveira,324000
https://www.futbin.com/26/player/20222/joshua-kimmich,144000
https://www.futbin.com/26/player/20337/maria-francesca-caldentey-oliver,86500
https://www.futbin.com/26/player/20354/sneijder,277000
https://www.futbin.com/26/player/20355/dos-santos-futre,705000
https://www.futbin.com/26/player/20401/hazard,1885000
https://www.futbin.com/26/player/20402/simone-laudehr,174000
https://www.futbin.com/26/player/20413/lamine-yamal-nasraoui-ebana,1799000
https://www.futbin.com/26/player/20525/ewa-pajor,289000
https://www.futbin.com/26/player/20527/cristiano-ronaldo-dos-santos-aveiro,889000
https://www.futbin.com/26/player/32/bukayo-saka,14500
https://www.futbin.com/26/player/42/gabriel-dos-s-magalhaes,14750
https://www.futbin.com/26/player/46/jamal-musiala,15500
https://www.futbin.com/26/player/60/lautaro-martinez,14750
https://www.futbin.com/26/player/63/robert-lewandowski,14500
https://www.futbin.com/26/player/74/sophia-wilson,19250
https://www.futbin.com/26/player/90/guro-reiten,14250
https://www.futbin.com/26/player/99/ewa-pajor,14750
https://www.futbin.com/26/player/110/irene-paredes-hernandez,14750
https://www.futbin.com/26/player/116/debora-c-de-oliveira,14750
https://www.futbin.com/26/player/132/kadidiatou-diani,15000
https://www.futbin.com/26/player/137/marie-katoto,14500
https://www.futbin.com/26/player/18762/owen,150000
https://www.futbin.com/26/player/18763/gerrard,212000
https://www.futbin.com/26/player/18764/chiellini,650000
https://www.futbin.com/26/player/18766/shevchenko,128000
https://www.futbin.com/26/player/18767/rooney,468000
https://www.futbin.com/26/player/18768/koeman,145000
https://www.futbin.com/26/player/18769/beckham,226000
https://www.futbin.com/26/player/18770/schweinsteiger,142000
https://www.futbin.com/26/player/18771/nedved,110000
https://www.futbin.com/26/player/18772/ferdinand,1180000
https://www.futbin.com/26/player/18773/ribery,585000
https://www.futbin.com/26/player/18774/pichon,105000
https://www.futbin.com/26/player/18775/scholes,101000
https://www.futbin.com/26/player/18776/klose,92500
https://www.futbin.com/26/player/18777/hagi,150000
https://www.futbin.com/26/player/18778/thuram,1499000
https://www.futbin.com/26/player/18779/vieira,1230000
https://www.futbin.com/26/player/18781/blanc,430000
https://www.futbin.com/26/player/18782/desailly,560000
https://www.futbin.com/26/player/18783/hierro-ruiz,139000
https://www.futbin.com/26/player/18784/laudrup,89500
https://www.futbin.com/26/player/18785/riquelme,82000
https://www.futbin.com/26/player/18786/van-persie,207000
https://www.futbin.com/26/player/18787/bale,1540000
https://www.futbin.com/26/player/18823/tevez,204000
https://www.futbin.com/26/player/18824/mascherano,67500
https://www.futbin.com/26/player/18825/okocha,255000
https://www.futbin.com/26/player/18826/marquez,88000
https://www.futbin.com/26/player/18827/litmanen,22000
https://www.futbin.com/26/player/18828/dos-santos-futre,183000
https://www.futbin.com/26/player/18829/lizarazu,150000
https://www.futbin.com/26/player/18830/forlan,118000
https://www.futbin.com/26/player/18831/silveira-carvalho,180000
https://www.futbin.com/26/player/18832/milito,32500
https://www.futbin.com/26/player/18833/gomez,25750
https://www.futbin.com/26/player/18834/kompany,329000
https://www.futbin.com/26/player/18835/enzo-francescoli,88000
https://www.futbin.com/26/player/18836/sneijder,181000
https://www.futbin.com/26/player/18837/douglas-sisenando,294000
https://www.futbin.com/26/player/18838/keler,34000
https://www.futbin.com/26/player/18839/di-natale,556000
https://www.futbin.com/26/player/18840/hazard,688000
https://www.futbin.com/26/player/18942/alexander-isak,14500
https://www.futbin.com/26/player/19919/cole-palmer,440000
https://www.futbin.com/26/player/19922/bruno-miguel-borges-fernandes,410000
https://www.futbin.com/26/player/19949/rose-lavelle,30000
https://www.futbin.com/26/player/19976/millie-bright,64500
https://www.futbin.com/26/player/19978/cristiano-ronaldo-dos-santos-aveiro,595000
https://www.futbin.com/26/player/20005/moises-caicedo,98000
https://www.futbin.com/26/player/20030/julian-alvarez,379000
https://www.futbin.com/26/player/20031/heung-min-son,229000
https://www.futbin.com/26/player/20034/lucy-bronze,76000
https://www.futbin.com/26/player/20087/kevin-de-bruyne,178000
https://www.futbin.com/26/player/20090/lionel-messi,479000
https://www.futbin.com/26/player/20207/campos,15250
https://www.futbin.com/26/player/20212/hamsik,579000
https://www.futbin.com/26/player/20223/sakina-karchaoui,285000
https://www.futbin.com/26/player/20290/katie-mccabe,20750
https://www.futbin.com/26/player/20339/paulo-dybala,141000
https://www.futbin.com/26/player/20356/marchisio,300000
https://www.futbin.com/26/player/20357/toure,1299000
https://www.futbin.com/26/player/20373/declan-rice,37250
https://www.futbin.com/26/player/20407/daniele-de-rossi,705000
https://www.futbin.com/26/player/20408/georges,329000
https://www.futbin.com/26/player/20409/michel-salgado,310000
https://www.futbin.com/26/player/20414/maya-le-tissier,88000
https://www.futbin.com/26/player/20415/william-saliba,1180000
https://www.futbin.com/26/player/20492/klara-buhl,19000
https://www.futbin.com/26/player/20529/irene-paredes-hernandez,98000
https://www.futbin.com/26/player/20530/lindsey-heaps,83500
https://www.futbin.com/26/player/20531/robert-lewandowski,240000
https://www.futbin.com/26/player/20532/leah-williamson,122000
https://www.futbin.com/26/player/20566/simone-laudehr,45000
https://www.futbin.com/26/player/78/lauren-hemp,10500
https://www.futbin.com/26/player/84/ada-hegerberg,10750
https://www.futbin.com/26/player/92/mallory-swanson,10750
https://www.futbin.com/26/player/93/beth-mead,10500
https://www.futbin.com/26/player/98/leah-williamson,10750
https://www.futbin.com/26/player/104/sakina-karchaoui,11250
https://www.futbin.com/26/player/115/chloe-kelly,10500
https://www.futbin.com/26/player/121/lindsey-heaps,10500
https://www.futbin.com/26/player/126/lucy-bronze,10750
https://www.futbin.com/26/player/127/rose-lavelle,10500
https://www.futbin.com/26/player/193/kevin-de-bruyne,10750
https://www.futbin.com/26/player/214/cole-palmer,10750
https://www.futbin.com/26/player/215/khvicha-kvaratskhelia,10750
https://www.futbin.com/26/player/216/alessandro-bastoni,10500
https://www.futbin.com/26/player/217/serhou-guirassy,10500
https://www.futbin.com/26/player/218/frenkie-de-jong,50500
https://www.futbin.com/26/player/219/moises-caicedo,11000
https://www.futbin.com/26/player/220/declan-rice,10750
https://www.futbin.com/26/player/221/marcos-aoas-correa,11000
https://www.futbin.com/26/player/223/jules-kounde,40000
https://www.futbin.com/26/player/224/bruno-miguel-borges-fernandes,10750
https://www.futbin.com/26/player/225/william-saliba,23750
https://www.futbin.com/26/player/226/julian-alvarez,10750
https://www.futbin.com/26/player/227/jonathan-tah,10750
https://www.futbin.com/26/player/228/alexis-mac-allister,10750
https://www.futbin.com/26/player/230/millie-bright,10750
https://www.futbin.com/26/player/231/martin-odegaard,10750
https://www.futbin.com/26/player/232/katie-mccabe,11000
https://www.futbin.com/26/player/234/viktor-gyokeres,13000
https://www.futbin.com/26/player/235/sam-kerr,10750
https://www.futbin.com/26/player/236/nicolo-barella,11000
https://www.futbin.com/26/player/237/victor-osimhen,10750
https://www.futbin.com/26/player/18788/torres-sanz,320000
https://www.futbin.com/26/player/18789/pires,82500
https://www.futbin.com/26/player/18790/kluivert,72500
https://www.futbin.com/26/player/18791/wright,85000
https://www.futbin.com/26/player/18792/alonso-olano,96000
https://www.futbin.com/26/player/18793/petit,209000
https://www.futbin.com/26/player/18794/lampard,137000
https://www.futbin.com/26/player/18795/rush,71500
https://www.futbin.com/26/player/18796/vidic,294000
https://www.futbin.com/26/player/18797/makelele,299000
https://www.futbin.com/26/player/18798/rijkaard,200000
https://www.futbin.com/26/player/18799/suker,72000
https://www.futbin.com/26/player/18800/barnes,157000
https://www.futbin.com/26/player/18801/zola,289000
https://www.futbin.com/26/player/18841/toure,575000
https://www.futbin.com/26/player/18842/stam,1120000
https://www.futbin.com/26/player/18843/cordoba,265000
https://www.futbin.com/26/player/18844/da-silva-junior,276000
https://www.futbin.com/26/player/18845/brolin,67000
https://www.futbin.com/26/player/18846/mcmanaman,34500
https://www.futbin.com/26/player/18848/georges,89500
https://www.futbin.com/26/player/18849/hamsik,225000
https://www.futbin.com/26/player/18850/marchisio,160000
https://www.futbin.com/26/player/18851/kewell,134000
https://www.futbin.com/26/player/18852/berbatov,19500
https://www.futbin.com/26/player/18853/cesar-costa,38000
https://www.futbin.com/26/player/18854/cole,65500
https://www.futbin.com/26/player/18855/nakata,38000
https://www.futbin.com/26/player/19924/tijjani-reijnders,670000
https://www.futbin.com/26/player/19925/nicholas-williams-arthuer,930000
https://www.futbin.com/26/player/19979/trent-alexander-arnold,174000
https://www.futbin.com/26/player/19980/kim-little,23250
https://www.futbin.com/26/player/19981/claudia-pina-medina,901000
https://www.futbin.com/26/player/20006/bruno-guimaraes-moura,24750
https://www.futbin.com/26/player/20035/trinity-rodman,235000
https://www.futbin.com/26/player/20036/scott-mctominay,65000
https://www.futbin.com/26/player/20037/michael-olise,142000
https://www.futbin.com/26/player/20062/klara-buhl,18750
https://www.futbin.com/26/player/20091/alejandro-grimaldo-garcia,34000
https://www.futbin.com/26/player/20092/desire-doue,267000
https://www.futbin.com/26/player/20093/dominik-szoboszlai,100000
https://www.futbin.com/26/player/20094/kenan-yldz,230000
https://www.futbin.com/26/player/20095/lauren-james,254000
https://www.futbin.com/26/player/20217/crouch,27750
https://www.futbin.com/26/player/20224/bryan-mbeumo,83000
https://www.futbin.com/26/player/20291/pernille-harder,15250
https://www.futbin.com/26/player/20342/christian-pulisic,43000
https://www.futbin.com/26/player/20343/antoine-griezmann,102000
https://www.futbin.com/26/player/20358/matuidi,500000
https://www.futbin.com/26/player/20359/ljungberg,22750
https://www.futbin.com/26/player/20376/hakan-calhanoglu,15750
https://www.futbin.com/26/player/20410/giuly,49000
https://www.futbin.com/26/player/20416/eder-gabriel-militao,854000
https://www.futbin.com/26/player/20417/cody-gakpo,299000
https://www.futbin.com/26/player/20418/bradley-barcola,480000
https://www.futbin.com/26/player/20419/anthony-gordon,234000
https://www.futbin.com/26/player/20420/richard-rios,150000
https://www.futbin.com/26/player/20421/rasmus-hojlund,74000
https://www.futbin.com/26/player/20422/aleksandar-pavlovic,297000
https://www.futbin.com/26/player/20433/ian-maatsen,222000
https://www.futbin.com/26/player/20434/lukas-haraslin,15500
https://www.futbin.com/26/player/20493/lionel-messi,57000
https://www.futbin.com/26/player/20533/martin-odegaard,195000
https://www.futbin.com/26/player/20534/dominik-szoboszlai,130000
https://www.futbin.com/26/player/20535/pernille-harder,12000
https://www.futbin.com/26/player/20536/alvaro-borja-morata-martin,13250
https://www.futbin.com/26/player/20537/caroline-weir,13500
https://www.futbin.com/26/player/20538/bernardo-mota-carvalho-e-silva,147000
https://www.futbin.com/26/player/20539/ada-hegerberg,12500
https://www.futbin.com/26/player/20540/naomi-girma,35750
https://www.futbin.com/26/player/20567/michel-salgado,137000
https://www.futbin.com/26/player/20568/daniele-de-rossi,319000
https://www.futbin.com/26/player/20582/tijjani-reijnders,230000
https://www.futbin.com/26/player/238/nuno-alexandre-tavares-mendes,41000
https://www.futbin.com/26/player/240/antonio-rudiger,8300
https://www.futbin.com/26/player/242/michael-olise,6600
https://www.futbin.com/26/player/243/claudia-pina-medina,7700
https://www.futbin.com/26/player/244/trent-alexander-arnold,6700
https://www.futbin.com/26/player/245/ruben-santos-gato-alves-dias,6800
https://www.futbin.com/26/player/246/paulo-dybala,6800
https://www.futbin.com/26/player/247/bruno-guimaraes-moura,6700
https://www.futbin.com/26/player/248/klara-buhl,6700
https://www.futbin.com/26/player/249/willian-pacho,10000
https://www.futbin.com/26/player/250/ona-batlle-pascual,6700
https://www.futbin.com/26/player/251/ibrahima-konate,6800
https://www.futbin.com/26/player/252/hakan-calhanoglu,6700
https://www.futbin.com/26/player/253/lea-schuller,6700
https://www.futbin.com/26/player/254/lionel-messi,6900
https://www.futbin.com/26/player/255/sandro-tonali,6900
https://www.futbin.com/26/player/256/nicholas-williams-arthuer,27000
https://www.futbin.com/26/player/257/melchie-dumornay,6700
https://www.futbin.com/26/player/258/pernille-harder,6900
https://www.futbin.com/26/player/259/tijjani-reijnders,37250
https://www.futbin.com/26/player/1150/temwa-chawinga,6800
https://www.futbin.com/26/player/18802/veron,75000
https://www.futbin.com/26/player/18803/hernandez,74000
https://www.futbin.com/26/player/18804/gattuso,79000
https://www.futbin.com/26/player/18805/larsson,75000
https://www.futbin.com/26/player/18806/cole,192000
https://www.futbin.com/26/player/18807/crespo,70000
https://www.futbin.com/26/player/18808/campbell,240000
https://www.futbin.com/26/player/18809/lima-do-amor,149000
https://www.futbin.com/26/player/18810/zambrotta,210000
https://www.futbin.com/26/player/18811/keane,99500
https://www.futbin.com/26/player/18812/essien,294000
https://www.futbin.com/26/player/18813/cha,168000
https://www.futbin.com/26/player/18856/donovan,20000
https://www.futbin.com/26/player/18857/smolarek,84500
https://www.futbin.com/26/player/18858/keane,77000
https://www.futbin.com/26/player/18860/solskjaer,30750
https://www.futbin.com/26/player/18861/ljungberg,27000
https://www.futbin.com/26/player/18862/rosicky,26000
https://www.futbin.com/26/player/18863/bompastor,47250
https://www.futbin.com/26/player/18864/riise,55000
https://www.futbin.com/26/player/18866/giuly,22250
https://www.futbin.com/26/player/18867/carragher,27250
https://www.futbin.com/26/player/18868/al-jaber,18000
https://www.futbin.com/26/player/18869/park,35250
https://www.futbin.com/26/player/18870/gutierrez-hernandez,43000
https://www.futbin.com/26/player/18871/santos-do-nascimen,505000
https://www.futbin.com/26/player/18872/kanu,13250
https://www.futbin.com/26/player/18873/matuidi,268000
https://www.futbin.com/26/player/18874/capdevila-mendez,77500
https://www.futbin.com/26/player/18875/kuyt,23500
https://www.futbin.com/26/player/18876/govou,110000
https://www.futbin.com/26/player/18877/williams,26500
https://www.futbin.com/26/player/18878/ledley-king,180000
https://www.futbin.com/26/player/18920/inigo-martinez-berridi,25500
https://www.futbin.com/26/player/18921/alejandro-grimaldo-garcia,18750
https://www.futbin.com/26/player/18922/benjamin-pavard,91500
https://www.futbin.com/26/player/18923/lena-oberdorf,22250
https://www.futbin.com/26/player/18924/marcos-llorente-moreno,315000
https://www.futbin.com/26/player/18943/grace-geyoro,6900
https://www.futbin.com/26/player/19896/eder-gabriel-militao,327000
https://www.futbin.com/26/player/19897/ryan-gravenberch,168000
https://www.futbin.com/26/player/19898/christian-pulisic,49250
https://www.futbin.com/26/player/19899/sara-dabritz,19500
https://www.futbin.com/26/player/19926/luis-diaz,153000
https://www.futbin.com/26/player/19927/mikel-oyarzabal-ugarte,26000
https://www.futbin.com/26/player/19928/wendie-renard,26000
https://www.futbin.com/26/player/19950/georgia-stanway,14750
https://www.futbin.com/26/player/19982/karim-adeyemi,232000
https://www.futbin.com/26/player/19983/joao-pedro-goncalves-neves,64000
https://www.futbin.com/26/player/19984/alejandro-balde-martinez,282000
https://www.futbin.com/26/player/19985/willi-orban,16000
https://www.futbin.com/26/player/20007/luis-diaz,44750
https://www.futbin.com/26/player/20038/marc-cucurella-saseta,73500
https://www.futbin.com/26/player/20039/salma-celeste-paralluelo-ayingono,365000
https://www.futbin.com/26/player/20040/cristian-romero,32000
https://www.futbin.com/26/player/20041/hugo-ekitike,106000
https://www.futbin.com/26/player/20042/eberechi-eze,100000
https://www.futbin.com/26/player/20064/pierre-emerick-aubameyang,27750
https://www.futbin.com/26/player/20065/cody-gakpo,24500
https://www.futbin.com/26/player/20066/caroline-weir,13750
https://www.futbin.com/26/player/20067/ruben-diogo-da-silva-neves,16000
https://www.futbin.com/26/player/20068/keira-walsh,14000
https://www.futbin.com/26/player/20069/rodrygo-silva-de-goes,49000
https://www.futbin.com/26/player/20096/denzel-dumfries,39000
https://www.futbin.com/26/player/20097/leny-yoro,64000
https://www.futbin.com/26/player/20098/antony-matheus-dos-santos,69500
https://www.futbin.com/26/player/20099/selma-bacha,181000
https://www.futbin.com/26/player/20178/tabitha-chawinga,15250
https://www.futbin.com/26/player/20179/clara-mateo,14750
https://www.futbin.com/26/player/20219/al-owairan,169000
https://www.futbin.com/26/player/20226/nathan-tella,12000
https://www.futbin.com/26/player/20227/thomas-muller,12750
https://www.futbin.com/26/player/20228/rafael-da-conceicao-leao,529000
https://www.futbin.com/26/player/20344/joao-felix-sequeira,86000
https://www.futbin.com/26/player/20345/lineth-beerensteyn,11250
https://www.futbin.com/26/player/20346/juan-cuadrado,17750
https://www.futbin.com/26/player/20347/jeremie-frimpong,145000
https://www.futbin.com/26/player/20378/emelyne-laurent,12750
https://www.futbin.com/26/player/20379/alvaro-fernandez-carreras,76000
https://www.futbin.com/26/player/20380/ellie-carpenter,12250
https://www.futbin.com/26/player/20381/pedro-antonio-pereira-goncalves,12750
https://www.futbin.com/26/player/20423/maika-hamano,11500
https://www.futbin.com/26/player/20424/xavi-simons,72000
https://www.futbin.com/26/player/20425/tara-elimbi-gilbert,12000
https://www.futbin.com/26/player/20426/dennis-man,33250
https://www.futbin.com/26/player/20427/estevao-willian-almeida,283000
https://www.futbin.com/26/player/20428/felix-nmecha,339000
https://www.futbin.com/26/player/20429/yoan-bonny,170000
https://www.futbin.com/26/player/20435/kouadio-manu-kone,124000
https://www.futbin.com/26/player/20436/anass-zaroury,15250
https://www.futbin.com/26/player/20437/cher-ndour,17500
https://www.futbin.com/26/player/20438/callum-mcgregor,58000
https://www.futbin.com/26/player/20439/benedict-hollerbach,18500
https://www.futbin.com/26/player/20449/igor-jesus-maciel-da-cruz,22500
https://www.futbin.com/26/player/20494/daniel-ballard,13500
https://www.futbin.com/26/player/20495/laia-aleixandri-lopez,12750
https://www.futbin.com/26/player/20541/glodis-perla-viggosdottir,19000
https://www.futbin.com/26/player/20542/aurelien-tchouameni,240000
https://www.futbin.com/26/player/20543/jessie-fleming,10750
https://www.futbin.com/26/player/20544/nicolae-stanciu,13750
https://www.futbin.com/26/player/20545/nicolas-otamendi,19500
https://www.futbin.com/26/player/20546/giovanni-di-lorenzo,76000
https://www.futbin.com/26/player/20547/kosovare-asllani,11000
https://www.futbin.com/26/player/20548/andrew-robertson,151000
https://www.futbin.com/26/player/20549/edson-alvarez,36000
https://www.futbin.com/26/player/20550/griedge-mbock,19000
https://www.futbin.com/26/player/20583/yeremay-hernandez-cubas,12250
https://www.futbin.com/26/player/20584/allegra-poljak,11750
https://www.futbin.com/26/player/20585/joao-pedro-goncalves-neves,13500
https://www.futbin.com/26/player/20586/josko-gvardiol,41250
https://www.futbin.com/26/player/147/manuela-giugliano,3700
https://www.futbin.com/26/player/174/gleison-bremer-silva-nascimento,4900
https://www.futbin.com/26/player/206/scott-mctominay,3600
https://www.futbin.com/26/player/287/cristiana-girelli,3700
https://www.futbin.com/26/player/305/ryan-gravenberch,6300
https://www.futbin.com/26/player/309/youri-tielemans,3700
https://www.futbin.com/26/player/362/granit-xhaka,3700
https://www.futbin.com/26/player/405/phil-foden,3600
https://www.futbin.com/26/player/413/bryan-mbeumo,3700
https://www.futbin.com/26/player/526/ella-toone,3700
https://www.futbin.com/26/player/531/sandy-baltimore,3700
https://www.futbin.com/26/player/536/caitlin-foord,3700
https://www.futbin.com/26/player/541/erin-cuthbert,3700
https://www.futbin.com/26/player/545/yui-hasegawa,3600
https://www.futbin.com/26/player/550/heung-min-son,3800
https://www.futbin.com/26/player/558/kim-little,3500
https://www.futbin.com/26/player/559/lauren-james,3700
https://www.futbin.com/26/player/562/vivianne-miedema,3700
https://www.futbin.com/26/player/563/naomi-girma,3700
https://www.futbin.com/26/player/570/keira-walsh,3700
https://www.futbin.com/26/player/724/cristiano-ronaldo-dos-santos-aveiro,6200
https://www.futbin.com/26/player/725/inigo-martinez-berridi,3700
https://www.futbin.com/26/player/729/karim-benzema,3700
https://www.futbin.com/26/player/730/ngolo-kante,4800
https://www.futbin.com/26/player/795/antoine-griezmann,3700
https://www.futbin.com/26/player/824/daniel-olmo-carvajal,3700
https://www.futbin.com/26/player/828/daniel-carvajal-ramos,3700
https://www.futbin.com/26/player/832/rodrygo-silva-de-goes,4800
https://www.futbin.com/26/player/864/linda-caicedo,3600
https://www.futbin.com/26/player/865/caroline-weir,3600
https://www.futbin.com/26/player/991/luis-diaz,3800
https://www.futbin.com/26/player/995/patrik-schick,3700
https://www.futbin.com/26/player/1003/nico-schlotterbeck,3700
https://www.futbin.com/26/player/1008/dayot-upamecano,3700
https://www.futbin.com/26/player/1028/georgia-stanway,3600
https://www.futbin.com/26/player/1045/laura-freigang,3600
https://www.futbin.com/26/player/1047/alexandra-popp,3700
https://www.futbin.com/26/player/1056/svenja-huth,3700
https://www.futbin.com/26/player/1063/desire-doue,4100
https://www.futbin.com/26/player/1134/trinity-rodman,4000
https://www.futbin.com/26/player/1138/barbra-banda,3600
https://www.futbin.com/26/player/1142/delphine-cascarino,3700
https://www.futbin.com/26/player/1146/marta-vieira-da-silva,3700
https://www.futbin.com/26/player/17305/selma-bacha,3800
https://www.futbin.com/26/player/17306/federico-dimarco,3800
https://www.futbin.com/26/player/17307/joao-pedro-goncalves-neves,4700
https://www.futbin.com/26/player/17308/clara-mateo,3700
https://www.futbin.com/26/player/17309/marcus-thuram,3700
https://www.futbin.com/26/player/17311/tabitha-chawinga,3700
https://www.futbin.com/26/player/17312/fabian-ruiz-pena,3900
https://www.futbin.com/26/player/17313/wendie-renard,3700
https://www.futbin.com/26/player/18879/noor,14000
https://www.futbin.com/26/player/18880/victor-ibarbo,81500
https://www.futbin.com/26/player/18881/cahill,13000
https://www.futbin.com/26/player/18882/beasley,24250
https://www.futbin.com/26/player/18883/yao-kouassi,120000
https://www.futbin.com/26/player/18885/crouch,15000
https://www.futbin.com/26/player/18886/al-owairan,115000
https://www.futbin.com/26/player/18887/seydou-doumbia,96500
https://www.futbin.com/26/player/18888/scott,26000
https://www.futbin.com/26/player/18889/dempsey,12750
https://www.futbin.com/26/player/18925/luka-modric,37000
https://www.futbin.com/26/player/19929/riccardo-orsolini,15500
https://www.futbin.com/26/player/19930/denise-osullivan,21000
https://www.futbin.com/26/player/19931/corentin-tolisso,56500
https://www.futbin.com/26/player/19932/gianluca-mancini,14000
https://www.futbin.com/26/player/19933/ryan-yates,18000
https://www.futbin.com/26/player/19934/giovanni-di-lorenzo,42000
https://www.futbin.com/26/player/19935/malik-tillman,19750
https://www.futbin.com/26/player/19986/khephren-thuram,99500
https://www.futbin.com/26/player/19987/marten-de-roon,12750
https://www.futbin.com/26/player/19989/elisabeth-terland,12000
https://www.futbin.com/26/player/19990/angelo-stiller,17250
https://www.futbin.com/26/player/20043/mary-alice-vignola,11750
https://www.futbin.com/26/player/20044/oscar-bobb,27750
https://www.futbin.com/26/player/20045/florian-thauvin,13500
https://www.futbin.com/26/player/20046/lotte-wubben-moy,11500
https://www.futbin.com/26/player/20047/pau-cubarsi-paredes,75000
https://www.futbin.com/26/player/20070/riyad-mahrez,12500
https://www.futbin.com/26/player/20100/crystal-dunn,36000
https://www.futbin.com/26/player/20101/francisco-f-da-conceicao,29250
https://www.futbin.com/26/player/20102/glodis-perla-viggosdottir,11000
https://www.futbin.com/26/player/20103/maximilian-beier,18500
https://www.futbin.com/26/player/20181/angelo-stiller,12500
https://www.futbin.com/26/player/20230/alejandro-berenguer-remiro,11250
https://www.futbin.com/26/player/20231/juan-david-cabal,46500
https://www.futbin.com/26/player/20232/madison-haley,10750
https://www.futbin.com/26/player/20233/pablo-fornals-malla,14000
https://www.futbin.com/26/player/20348/geraldine-reuteler,10750
https://www.futbin.com/26/player/20349/nicolas-seiwald,10750
https://www.futbin.com/26/player/20350/timothy-weah,18500
https://www.futbin.com/26/player/20382/antony-matheus-dos-santos,17250
https://www.futbin.com/26/player/20440/archie-brown,23000
https://www.futbin.com/26/player/20441/unai-lopez-cabrera,29500
https://www.futbin.com/26/player/20442/rodrigo-mora-de-carvalho,13750
https://www.futbin.com/26/player/20443/anis-hadj-moussa,12500
https://www.futbin.com/26/player/20444/cedric-bakambu,12250
https://www.futbin.com/26/player/20445/mikael-ishak,11000
https://www.futbin.com/26/player/20496/domenico-berardi,12000
https://www.futbin.com/26/player/20551/tim-ream,11250
https://www.futbin.com/26/player/20552/pierre-emile-hojbjerg,0
https://www.futbin.com/26/player/20553/sherida-spitse,11000
https://www.futbin.com/26/player/20554/orri-oskarsson,11250
https://www.futbin.com/26/player/20555/piotr-zielinski,12500
https://www.futbin.com/26/player/20556/nathan-collins,12750
https://www.futbin.com/26/player/20557/jordan-ayew,11000
https://www.futbin.com/26/player/20558/jordan-henderson,48000
https://www.futbin.com/26/player/20559/aldana-cometti,10750
https://www.futbin.com/26/player/20587/serge-gnabry,12000
https://www.futbin.com/26/player/20588/ezri-konsa,12000
https://www.futbin.com/26/player/20589/mikel-oyarzabal-ugarte,11500
https://www.futbin.com/26/player/20590/saki-kumagai,12000
https://www.futbin.com/26/player/20591/antonio-nusa,17250
https://www.futbin.com/26/player/155/giada-greggi,1400
https://www.futbin.com/26/player/179/manuel-locatelli,1400
https://www.futbin.com/26/player/267/romelu-lukaku,1400
https://www.futbin.com/26/player/302/giulia-gwinn,1400
https://www.futbin.com/26/player/325/cody-gakpo,1400
https://www.futbin.com/26/player/342/james-maddison,1400
https://www.futbin.com/26/player/348/enzo-fernandez,1400
https://www.futbin.com/26/player/355/bernardo-mota-carvalho-e-silva,1400
https://www.futbin.com/26/player/377/josko-gvardiol,1600
https://www.futbin.com/26/player/384/marc-cucurella-saseta,1400
https://www.futbin.com/26/player/417/omar-marmoush,1500
https://www.futbin.com/26/player/423/ollie-watkins,1400
https://www.futbin.com/26/player/561/alex-greenwood,1400
https://www.futbin.com/26/player/590/sjoeke-nusken,1400
https://www.futbin.com/26/player/644/francisco-roman-alarcon-suarez,1400
https://www.futbin.com/26/player/684/ellie-carpenter,1400
https://www.futbin.com/26/player/712/theo-hernandez,24000
https://www.futbin.com/26/player/716/moussa-diaby,1400
https://www.futbin.com/26/player/720/sergej-milinkovic-savic,1400
https://www.futbin.com/26/player/731/ruben-diogo-da-silva-neves,1400
https://www.futbin.com/26/player/735/joao-pedro-cavaco-cancelo,1400
https://www.futbin.com/26/player/739/riyad-mahrez,1400
https://www.futbin.com/26/player/803/alejandro-baena-rodriguez,1400
https://www.futbin.com/26/player/807/oihan-sancet-tirapu,1400
https://www.futbin.com/26/player/811/eder-gabriel-militao,8900
https://www.futbin.com/26/player/874/salma-celeste-paralluelo-ayingono,17000
https://www.futbin.com/26/player/875/alba-redondo-ferrer,1400
https://www.futbin.com/26/player/876/sara-dabritz,1400
https://www.futbin.com/26/player/884/aurelien-tchouameni,2300
https://www.futbin.com/26/player/952/marcos-llorente-moreno,16500
https://www.futbin.com/26/player/1009/alphonso-davies,1800
https://www.futbin.com/26/player/1014/exequiel-palacios,1400
https://www.futbin.com/26/player/1015/willi-orban,1400
https://www.futbin.com/26/player/1016/daniel-vivian-moreno,1400
https://www.futbin.com/26/player/1024/alejandro-grimaldo-garcia,1300
https://www.futbin.com/26/player/1062/geraldine-reuteler,1400
https://www.futbin.com/26/player/1068/lena-oberdorf,1400
https://www.futbin.com/26/player/1069/glodis-perla-viggosdottir,1400
https://www.futbin.com/26/player/1075/rodrigo-de-paul,1400
https://www.futbin.com/26/player/1076/lineth-beerensteyn,1400
https://www.futbin.com/26/player/1078/janina-minge,1400
https://www.futbin.com/26/player/1154/bradley-barcola,1400
https://www.futbin.com/26/player/17314/fridolina-rolfo,1400
https://www.futbin.com/26/player/17315/steph-catley,1400
https://www.futbin.com/26/player/17316/olga-carmona-garcia,1400
https://www.futbin.com/26/player/17318/denzel-dumfries,1400
https://www.futbin.com/26/player/17319/ashley-lawrence,1400
https://www.futbin.com/26/player/17320/frida-maanum,1400
https://www.futbin.com/26/player/17321/damaris-berta-egurrola-wienke,1400
https://www.futbin.com/26/player/17324/sara-doorsoun,1400
https://www.futbin.com/26/player/17325/mattia-zaccagni,1400
https://www.futbin.com/26/player/17326/ingrid-syrstad-engen,1400
https://www.futbin.com/26/player/17328/maya-le-tissier,1400
https://www.futbin.com/26/player/17329/christian-pulisic,1400
https://www.futbin.com/26/player/17332/rafael-da-conceicao-leao,16250
https://www.futbin.com/26/player/17333/ademola-lookman,1400
https://www.futbin.com/26/player/17334/alexander-sorloth,1400
https://www.futbin.com/26/player/17335/emily-fox,1400
https://www.futbin.com/26/player/17336/esther-gonzalez-rodriguez,1400
https://www.futbin.com/26/player/17337/francesco-acerbi,1400
https://www.futbin.com/26/player/17338/stefan-de-vrij,1400
https://www.futbin.com/26/player/18926/jaden-philogene,17250
https://www.futbin.com/26/player/18927/melvine-malard,19750
https://www.futbin.com/26/player/18946/benjamin-pavard,1400
https://www.futbin.com/26/player/18947/xavi-simons,1400
https://www.futbin.com/26/player/19900/joao-felix-sequeira,59000
https://www.futbin.com/26/player/19901/david-raum,18750
https://www.futbin.com/26/player/19937/lisa-karl,11500
https://www.futbin.com/26/player/19951/fiamma-benitez-ianuzzi,12750
https://www.futbin.com/26/player/19952/jorge-resurreccion,13250
https://www.futbin.com/26/player/19953/rafael-a-ferreira-silva,20000
https://www.futbin.com/26/player/19954/korbin-shrader,12250
https://www.futbin.com/26/player/19955/konrad-laimer,15000
https://www.futbin.com/26/player/19991/jade-le-guilly,11000
https://www.futbin.com/26/player/19992/maghnes-akliouche,14500
https://www.futbin.com/26/player/19993/christian-gunter,14000
https://www.futbin.com/26/player/20008/jordi-alba-ramos,14500
https://www.futbin.com/26/player/20048/anders-dreyer,14250
https://www.futbin.com/26/player/20049/jovana-damnjanovic,11500
https://www.futbin.com/26/player/20071/beatriz-zaneratto-joao,12250
https://www.futbin.com/26/player/20072/jess-park,12250
https://www.futbin.com/26/player/20104/julia-zigiotti,11750
https://www.futbin.com/26/player/20105/ivan-romero-de-avila,12250
https://www.futbin.com/26/player/20182/danilho-doekhi,12500
https://www.futbin.com/26/player/20183/mason-greenwood,14500
https://www.futbin.com/26/player/20184/leroy-sane,12000
https://www.futbin.com/26/player/20185/jean-philippe-mateta,12000
https://www.futbin.com/26/player/20234/danny-da-costa,11750
https://www.futbin.com/26/player/20235/guela-doue,10500
https://www.futbin.com/26/player/20292/ismael-saibari,12250
https://www.futbin.com/26/player/20293/micky-van-de-ven,210000
https://www.futbin.com/26/player/20294/andre-franck-zambo-anguissa,12000
https://www.futbin.com/26/player/20295/vangelis-pavlidis,12000
https://www.futbin.com/26/player/20351/daniel-svensson,11000
https://www.futbin.com/26/player/20352/eseosa-aigbogun,11000
https://www.futbin.com/26/player/20353/alejandro-frances-torrijo,11250
https://www.futbin.com/26/player/20383/lucas-tolentino-coelho-de-lima,16000
https://www.futbin.com/26/player/20430/matheus-de-barros-da-silva,15750
https://www.futbin.com/26/player/20431/kevin-rodriguez,11750
https://www.futbin.com/26/player/20432/kenneth-taylor,11500
https://www.futbin.com/26/player/20446/victor-edvardsen,10500
https://www.futbin.com/26/player/20447/max-aarons,10750
https://www.futbin.com/26/player/20448/ruben-kluivert,12750
https://www.futbin.com/26/player/20466/boattin,1500
https://www.futbin.com/26/player/20497/romee-leuchter,11750
https://www.futbin.com/26/player/20498/jeremy-doku,58000
https://www.futbin.com/26/player/20561/trai-hume,11750
https://www.futbin.com/26/player/20562/rebeca-bernal,12500
https://www.futbin.com/26/player/20563/mykola-matviienko,10500
https://www.futbin.com/26/player/20564/dolores-isabel-jacome-da-silva,10500
https://www.futbin.com/26/player/20565/ben-davies,12000
https://www.futbin.com/26/player/20592/kaishu-sano,12000
https://www.futbin.com/26/player/20593/croix-bethune,12000
https://www.futbin.com/26/player/20594/carlos-henrique-venancio-casimiro,11750
https://www.futbin.com/26/player/20595/dan-ndoye,12000
https://www.futbin.com/26/player/20596/malo-gusto,14000
https://www.futbin.com/26/player/205/gianluca-mancini,900
https://www.futbin.com/26/player/265/artem-dovbyk,800
https://www.futbin.com/26/player/273/stanislav-lobotka,800
https://www.futbin.com/26/player/279/amir-rrahmani,800
https://www.futbin.com/26/player/280/giovanni-di-lorenzo,850
https://www.futbin.com/26/player/291/barbara-bonansea,850
https://www.futbin.com/26/player/316/hugo-ekitike,900
https://www.futbin.com/26/player/321/dominik-szoboszlai,800
https://www.futbin.com/26/player/331/jeremie-frimpong,2200
https://www.futbin.com/26/player/381/nikola-milenkovic,800
https://www.futbin.com/26/player/383/murillo-costa-dos-santos,2500
https://www.futbin.com/26/player/389/benjamin-white,950
https://www.futbin.com/26/player/392/nathan-ake,850
https://www.futbin.com/26/player/418/leandro-trossard,850
https://www.futbin.com/26/player/425/anthony-gordon,850
https://www.futbin.com/26/player/459/dejan-kulusevski,850
https://www.futbin.com/26/player/460/joao-maria-palhinha-goncalves,750
https://www.futbin.com/26/player/648/angelo-stiller,850
https://www.futbin.com/26/player/688/kadeisha-buchanan,850
https://www.futbin.com/26/player/692/catarina-cantanhede-macario,850
https://www.futbin.com/26/player/696/mayra-ramirez,1000
https://www.futbin.com/26/player/743/kingsley-coman,850
https://www.futbin.com/26/player/747/mateo-retegui,750
https://www.futbin.com/26/player/748/sadio-mane,750
https://www.futbin.com/26/player/816/iago-aspas-juncal,850
https://www.futbin.com/26/player/878/athenea-del-castillo,850
https://www.futbin.com/26/player/894/eduardo-camavinga,2200
https://www.futbin.com/26/player/947/jarrod-bowen,850
https://www.futbin.com/26/player/1020/jose-maria-gimenez,850
https://www.futbin.com/26/player/1037/julian-brandt,900
https://www.futbin.com/26/player/1041/aleix-garcia-serrano,800
https://www.futbin.com/26/player/1084/lucas-torreira,900
https://www.futbin.com/26/player/1094/arianna-caruso,850
https://www.futbin.com/26/player/17340/henrikh-mkhitaryan,800
https://www.futbin.com/26/player/17341/lena-lattwein,800
https://www.futbin.com/26/player/17342/morten-hjulmand,850
https://www.futbin.com/26/player/17343/nicole-anyomi,1100
https://www.futbin.com/26/player/17344/mikel-merino-zazon,900
https://www.futbin.com/26/player/17345/kenza-dali,850
https://www.futbin.com/26/player/17346/ayoze-perez-gutierrez,950
https://www.futbin.com/26/player/17347/inaki-williams-arthuer,900
https://www.futbin.com/26/player/17348/pedro-antonio-pereira-goncalves,800
https://www.futbin.com/26/player/17349/jule-brand,900
https://www.futbin.com/26/player/17350/danielle-van-de-donk,900
https://www.futbin.com/26/player/17352/dominique-janssen,850
https://www.futbin.com/26/player/17353/david-hancko,900
https://www.futbin.com/26/player/17355/vanessa-dibernardo,800
https://www.futbin.com/26/player/17357/selina-cerci,950
https://www.futbin.com/26/player/17358/mateo-kovacic,850
https://www.futbin.com/26/player/17359/thomas-partey,800
https://www.futbin.com/26/player/17360/emily-sonnett,850
https://www.futbin.com/26/player/17364/luka-modric,850
https://www.futbin.com/26/player/17365/matheus-santos-carneiro-da-cunha,900
https://www.futbin.com/26/player/17366/martin-zubimendi-ibanez,900
https://www.futbin.com/26/player/17368/pablo-martin-paez-gavira,850
https://www.futbin.com/26/player/17369/eberechi-eze,1300
https://www.futbin.com/26/player/17370/alejandro-balde-martinez,1300
https://www.futbin.com/26/player/17372/fran-kirby,850
https://www.futbin.com/26/player/17373/boubacar-kamara,800
https://www.futbin.com/26/player/17374/ferran-torres-garcia,900
https://www.futbin.com/26/player/17375/linda-dallmann,850
https://www.futbin.com/26/player/17376/moise-kean,800
https://www.futbin.com/26/player/17377/ronald-araujo,1500
https://www.futbin.com/26/player/17378/griedge-mbock,850
https://www.futbin.com/26/player/17379/elena-linari,750
https://www.futbin.com/26/player/17380/robin-le-normand,800
https://www.futbin.com/26/player/17381/vanessa-gilles,800
https://www.futbin.com/26/player/18928/antoine-semenyo,13500
https://www.futbin.com/26/player/18929/fermin-lopez-marin,51500
https://www.futbin.com/26/player/18930/thomas-muller,14250
https://www.futbin.com/26/player/18948/ilkay-gundogan,850
https://www.futbin.com/26/player/18950/adrien-rabiot,800
https://www.futbin.com/26/player/18952/piero-hincapie,3600
https://www.futbin.com/26/player/19903/lorenzo-pellegrini,18500
https://www.futbin.com/26/player/19938/diego-chara,13000
https://www.futbin.com/26/player/19939/marwane-saadane,14250
https://www.futbin.com/26/player/19940/laura-requena-sanchez,12000
https://www.futbin.com/26/player/19956/gift-monday,12500
https://www.futbin.com/26/player/19994/carles-gil-pareja,11750
https://www.futbin.com/26/player/19995/angel-gomes,30000
https://www.futbin.com/26/player/20009/vivien-endemann,12500
https://www.futbin.com/26/player/20010/rosemonde-kouassi,13750
https://www.futbin.com/26/player/20011/lynn-wilms,12250
https://www.futbin.com/26/player/20050/manaka-matsukubo,13500
https://www.futbin.com/26/player/20051/tyler-morton,13000
https://www.futbin.com/26/player/20073/esmee-brugts,12000
https://www.futbin.com/26/player/20107/martin-ojeda,13000
https://www.futbin.com/26/player/20108/jakub-kaminski,31750
https://www.futbin.com/26/player/20186/harry-maguire,15000
https://www.futbin.com/26/player/20296/gabriel-davi-gomes-sara,19250
https://www.futbin.com/26/player/20384/maria-molina-molero,12000
https://www.futbin.com/26/player/20385/jizz-hornkamp,11750
https://www.futbin.com/26/player/20386/wouter-burger,12000
https://www.futbin.com/26/player/20387/al-hassan-toure,12000
https://www.futbin.com/26/player/20388/gauthier-hein,12000
https://www.futbin.com/26/player/20389/kieffer-moore,12000
https://www.futbin.com/26/player/20390/divin-mubama,12000
https://www.futbin.com/26/player/20391/ismail-yuksek,12000
https://www.futbin.com/26/player/20392/haris-tabakovic,11750
https://www.futbin.com/26/player/20393/anton-krivotsyuk,12500
https://www.futbin.com/26/player/20394/jon-gorrotxategi,12250
https://www.futbin.com/26/player/20395/niccolo-pierozzi,12000
https://www.futbin.com/26/player/20396/esteban-lepaul,12000
https://www.futbin.com/26/player/20397/saeed-al-rubaie,12000
https://www.futbin.com/26/player/20499/mika-marmol-medina,11750
https://www.futbin.com/26/player/20500/kieran-tierney,12000
https://www.futbin.com/26/player/20501/guus-til,12000
https://www.futbin.com/26/player/20502/philipp-sander,12000
https://www.futbin.com/26/player/20503/dan-agyei,12000
https://www.futbin.com/26/player/20504/amario-cozier-duberry,12000
https://www.futbin.com/26/player/20505/exequiel-zeballos,12000
https://www.futbin.com/26/player/20506/roger-martinez,12000
https://www.futbin.com/26/player/20507/freya-godfrey,12000
https://www.futbin.com/26/player/20508/jaedyn-shaw,11750
https://www.futbin.com/26/player/20509/wesley-said,12000
https://www.futbin.com/26/player/20510/ibrahim-maza,12000
https://www.futbin.com/26/player/20512/idrissa-toure,12250
https://www.futbin.com/26/player/20513/eduardo-david-espiau-hernandez,12000
https://www.futbin.com/26/player/20597/richonell-margaret,11750
https://www.futbin.com/26/player/20598/meschack-elia,11750
https://www.futbin.com/26/player/20599/juninho-bacuna,11750
